{"cameraMode":{"drawMode":0,"name":"Shaded","section":"Shading Mode"},"sceneLighting":true,"audioPlay":false,"sceneViewState":{"m_AlwaysRefresh":false,"showFog":true,"showSkybox":true,"showFlares":true,"showImageEffects":true,"showParticleSystems":true,"showVisualEffectGraphs":true,"m_FxEnabled":true},"in2DMode":false,"pivot":{"x":-7.172992706298828,"y":2.4305574893951418,"z":10.926284790039063},"rotation":{"x":-0.0952775850892067,"y":0.8741813898086548,"z":-0.19676817953586579,"w":-0.43447309732437136},"size":1.6437404155731202,"orthographic":false}