{"cameraMode":{"drawMode":0,"name":"Shaded","section":"Shading Mode"},"sceneLighting":false,"audioPlay":false,"sceneViewState":{"m_AlwaysRefresh":false,"showFog":true,"showSkybox":false,"showFlares":true,"showImageEffects":true,"showParticleSystems":true,"showVisualEffectGraphs":true,"m_FxEnabled":true},"in2DMode":false,"pivot":{"x":0.6912370324134827,"y":0.32579559087753298,"z":0.015410689637064934},"rotation":{"x":0.13228604197502137,"y":-0.22241052985191346,"z":0.03127368167042732,"w":0.9657792448997498},"size":0.8594157695770264,"orthographic":false}