{"cameraMode":{"drawMode":0,"name":"Shaded","section":"Shading Mode"},"sceneLighting":true,"audioPlay":false,"sceneViewState":{"m_AlwaysRefresh":false,"showFog":true,"showSkybox":true,"showFlares":true,"showImageEffects":true,"showParticleSystems":true,"showVisualEffectGraphs":true,"m_FxEnabled":true},"in2DMode":false,"pivot":{"x":5.689810752868652,"y":2.0670459270477297,"z":12.247557640075684},"rotation":{"x":0.00257569900713861,"y":0.6274874210357666,"z":-0.0020789727568626405,"w":0.7786464691162109},"size":2.9678845405578615,"orthographic":false}